2020-08-01 13:12:24,b'Learning Business Analytics with @dupadhyaya  and @henryharvin_in'
2020-08-01 13:05:25,b'Learning business analytics #business #analytics using python #python @dupadhyaya @Aayushi65218439 @Kamaksh44382698'
2020-08-01 13:03:50,"b'RT @dupadhyaya: Learning Business Analytics #business #analytics using Python #python at @IIMC_India with @Kamaksh44382698, @shambo_23'"
2020-08-01 13:03:08,"b'RT @dupadhyaya: Learning Business Analytics #business #analytics using Python #python at @IIMC_India with @Kamaksh44382698, @shambo_23'"
2020-08-01 13:05:25,b'Learning business analytics #business #analytics using python #python @dupadhyaya @Aayushi65218439 @Kamaksh44382698'
2020-08-01 13:03:50,"b'RT @dupadhyaya: Learning Business Analytics #business #analytics using Python #python at @IIMC_India with @Kamaksh44382698, @shambo_23'"
2020-08-01 13:03:08,"b'RT @dupadhyaya: Learning Business Analytics #business #analytics using Python #python at @IIMC_India with @Kamaksh44382698, @shambo_23'"
2020-08-01 13:02:47,"b'Learning Business Analytics #business #analytics using Python #python at @IIMC_India with @Kamaksh44382698, @shambo_23'"
2020-07-30 01:37:59,b'@Kamaksh44382698 ok then....have fun here'
2020-08-01 13:03:50,"b'RT @dupadhyaya: Learning Business Analytics #business #analytics using Python #python at @IIMC_India with @Kamaksh44382698, @shambo_23'"
2020-08-01 13:03:08,"b'RT @dupadhyaya: Learning Business Analytics #business #analytics using Python #python at @IIMC_India with @Kamaksh44382698, @shambo_23'"
2020-08-01 13:02:47,"b'Learning Business Analytics #business #analytics using Python #python at @IIMC_India with @Kamaksh44382698, @shambo_23'"
2020-08-02 12:36:51,"b'News report on valedictory session of Refresher Course on Journalism, Media &amp; Cinema. \n\nhttps://t.co/I9z260ePL5\xe2\x80\xa6 https://t.co/VfDsmGsDJw'"
2020-08-02 11:54:27,b'RT @neeleshmisra: You want to know something inspiring early in the morning? A student of @IIMC_India had an accident and has to undergo ur\xe2\x80\xa6'
2020-08-02 10:16:33,b'@IIMC_India Is the application for admission in the PG Diploma course still open?'
2020-08-02 09:23:21,b'RT @Ashish95984900: Take the advantage of @NPC_INDIA_GOV E-PASS services \n@IIMAhmedabad @IIMKsp @IIM_Bangalore @IIML @IIMKozhikode  @IIMC_I\xe2\x80\xa6'
2020-08-02 09:22:55,b'RT @Ashish95984900: Take the advantage of @NPC_INDIA_GOV E-PASS services \n@IIMAhmedabad @IIMKsp @IIM_Bangalore @IIML @IIMKozhikode  @IIMC_I\xe2\x80\xa6'
2020-08-02 07:27:55,b'@vedanty77 @IIMC_India Computer p to archi ka WWE chl rha hai \xf0\x9f\x98\x82'
2020-08-02 06:54:53,"b""RT @kg_suresh: &amp; it's curtains today after 2 weeks of brainstorming on journalism &amp; cinema. \n@UPESDehradun @IIMC_India @IIMC_MMK @iimckotta\xe2\x80\xa6"""
2020-08-01 19:02:57,b'RT @Ashish95984900: Join @NPC_INDIA_GOV #webinar on #UNLOCK #happiness  on 11 August 11 AM for registration : https://t.co/79GSr2cuv5\n@IIMA\xe2\x80\xa6'
2020-08-01 18:49:24,"b'This day, 2 years ago. Day 1 at @IIMC_India https://t.co/7AAMPOBdnR'"
2020-08-01 17:17:48,b'RT @Ashish95984900: Join @NPC_INDIA_GOV #webinar on #UNLOCK #happiness  on 11 August 11 AM for registration : https://t.co/79GSr2cuv5\n@IIMA\xe2\x80\xa6'
2020-08-01 16:53:56,b'RT @Ashish95984900: Join @NPC_INDIA_GOV #webinar on #UNLOCK #happiness  on 11 August 11 AM for registration : https://t.co/79GSr2cuv5\n@IIMA\xe2\x80\xa6'
2020-08-01 16:45:28,b'RT @Ashish95984900: Join @NPC_INDIA_GOV #webinar on #UNLOCK #happiness  on 11 August 11 AM for registration : https://t.co/79GSr2cuv5\n@IIMA\xe2\x80\xa6'
2020-08-01 13:03:50,"b'RT @dupadhyaya: Learning Business Analytics #business #analytics using Python #python at @IIMC_India with @Kamaksh44382698, @shambo_23'"
2020-08-01 13:03:08,"b'RT @dupadhyaya: Learning Business Analytics #business #analytics using Python #python at @IIMC_India with @Kamaksh44382698, @shambo_23'"
2020-08-01 13:02:47,"b'Learning Business Analytics #business #analytics using Python #python at @IIMC_India with @Kamaksh44382698, @shambo_23'"
2020-08-01 12:37:39,b'RT @Ashish95984900: Join @NPC_INDIA_GOV #webinar on #UNLOCK #happiness  on 11 August 11 AM for registration : https://t.co/79GSr2cuv5\n@IIMA\xe2\x80\xa6'
2020-08-01 12:08:18,"b'RT @dhritiman_c: Learn about ""Gender Sensitization"". Join #Webinar on 10th August at 11.00 AM. Register  https://t.co/jdTwWsQuAD\n\n@NPC_INDI\xe2\x80\xa6'"
2020-08-01 11:03:27,"b'RT @NPC_INDIA_GOV: Join #NPC #webinar on ""Relevance of Agile approach in change implementation""Registration Link : https://t.co/9pz1cswKDd\xe2\x80\xa6'"
2020-08-01 11:03:02,"b'RT @NPC_INDIA_GOV: Learn about ""Gender Sensitization"". Join #Webinar on 10th August at 11.00 AM. Register  https://t.co/7sEtW2tHGV\n\n@NPC_IN\xe2\x80\xa6'"
2020-08-01 11:01:01,"b'RT @dhritiman_c: Learn about ""Gender Sensitization"". Join #Webinar on 10th August at 11.00 AM. Register  https://t.co/jdTwWsQuAD\n\n@NPC_INDI\xe2\x80\xa6'"
2020-08-01 10:59:55,"b'RT @NPanchbhai: #lastopportunity Join #NPC #webinar on ""Relevance of Agile approach in change implementation""Registration Link : https://t.\xe2\x80\xa6'"
2020-08-01 10:50:29,"b'RT @NPanchbhai: #lastopportunity Join #NPC #webinar on ""Relevance of #Agile approach in change implementation"" #Registration Link : https:/\xe2\x80\xa6'"
2020-08-01 10:48:39,b'RT @Ashish95984900: Join @NPC_INDIA_GOV #webinar on #UNLOCK #happiness  on 11 August 11 AM for registration : https://t.co/79GSr2cuv5\n@IIMA\xe2\x80\xa6'
2020-08-01 10:15:59,"b'RT @AdfactorsPR: ""PR professionals should collaborate with educators and institutions rather than establish PR schools parallely"", says @Ya\xe2\x80\xa6'"
2020-08-01 09:59:06,b'RT @Ashish95984900: Join @NPC_INDIA_GOV #webinar on #UNLOCK #happiness  on 11 August 11 AM for registration : https://t.co/79GSr2cuv5\n@IIMA\xe2\x80\xa6'
2020-08-01 09:44:03,b'RT @Ashish95984900: Join @NPC_INDIA_GOV #webinar on #UNLOCK #happiness  on 11 August 11 AM for registration : https://t.co/79GSr2cuv5\n@IIMA\xe2\x80\xa6'
2020-08-01 09:21:05,b'RT @Ashish95984900: Join @NPC_INDIA_GOV #webinar on #UNLOCK #happiness  on 11 August 11 AM for registration : https://t.co/79GSr2cuv5\n@IIMA\xe2\x80\xa6'
2020-08-01 08:35:46,b'RT @Ashish95984900: Join @NPC_INDIA_GOV #webinar on #UNLOCK #happiness  on 11 August 11 AM for registration : https://t.co/79GSr2cuv5\n@IIMA\xe2\x80\xa6'
2020-08-01 07:16:17,b'RT @Ashish95984900: Join @NPC_INDIA_GOV #webinar on #UNLOCK #happiness  on 11 August 11 AM for registration : https://t.co/79GSr2cuv5\n@IIMA\xe2\x80\xa6'
2020-08-01 06:25:05,"b""&amp; it's curtains today after 2 weeks of brainstorming on journalism &amp; cinema. \n@UPESDehradun @IIMC_India @IIMC_MMK\xe2\x80\xa6 https://t.co/bX2JiTnQ8t"""
2020-08-01 04:55:29,b'RT @Ashish95984900: Join @NPC_INDIA_GOV #webinar on #UNLOCK #happiness  on 11 August 11 AM for registration : https://t.co/79GSr2cuv5\n@IIMA\xe2\x80\xa6'
2020-08-01 03:13:32,b'RT @Ashish95984900: Join @NPC_INDIA_GOV #webinar on #UNLOCK #happiness  on 11 August 11 AM for registration : https://t.co/79GSr2cuv5\n@IIMA\xe2\x80\xa6'
2020-08-01 02:36:48,b'RT @Ashish95984900: Join @NPC_INDIA_GOV #webinar on #UNLOCK #happiness  on 11 August 11 AM for registration : https://t.co/79GSr2cuv5\n@IIMA\xe2\x80\xa6'
2020-08-01 02:23:44,b'RT @Ashish95984900: Join @NPC_INDIA_GOV #webinar on #UNLOCK #happiness  on 11 August 11 AM for registration : https://t.co/79GSr2cuv5\n@IIMA\xe2\x80\xa6'
2020-08-01 02:15:01,b'RT @Ashish95984900: Join @NPC_INDIA_GOV #webinar on #UNLOCK #happiness  on 11 August 11 AM for registration : https://t.co/79GSr2cuv5\n@IIMA\xe2\x80\xa6'
2020-07-31 16:38:37,b'RT @Ashish95984900: Join @NPC_INDIA_GOV #webinar on #UNLOCK #happiness  on 11 August 11 AM for registration : https://t.co/79GSr2cuv5\n@IIMA\xe2\x80\xa6'
2020-07-31 16:36:23,"b'RT @NPanchbhai: #lastopportunity Join #NPC #webinar on ""Relevance of #Agile approach in change implementation"" #Registration Link : https:/\xe2\x80\xa6'"
2020-07-31 16:13:15,"b'RT @NPanchbhai: #lastopportunity Join #NPC #webinar on ""Relevance of #Agile approach in change implementation"" #Registration Link : https:/\xe2\x80\xa6'"
2020-07-31 16:04:40,"b'RT @NPanchbhai: #lastopportunity Join #NPC #webinar on ""Relevance of #Agile approach in change implementation"" #Registration Link : https:/\xe2\x80\xa6'"
2020-07-31 15:01:07,b'RT @Ashish95984900: Join @NPC_INDIA_GOV #webinar on #UNLOCK #happiness  on 11 August 11 AM for registration : https://t.co/79GSr2cuv5\n@IIMA\xe2\x80\xa6'
2020-07-31 14:39:40,b'RT @MNMNanbargal: It takes sound leadership to achieve success in any sphere\n\nLet us talk to Coach/Cricketer and author of The Winning Sixe\xe2\x80\xa6'
2020-07-31 13:37:12,b'RT @MNMNanbargal: It takes sound leadership to achieve success in any sphere\n\nLet us talk to Coach/Cricketer and author of The Winning Sixe\xe2\x80\xa6'
2020-07-31 13:13:44,b'RT @Ashish95984900: Join @NPC_INDIA_GOV #webinar on #UNLOCK #happiness  on 11 August 11 AM for registration : https://t.co/79GSr2cuv5\n@IIMA\xe2\x80\xa6'
2020-07-31 12:22:40,b'RT @Ashish95984900: Join @NPC_INDIA_GOV #webinar on #UNLOCK #happiness  on 11 August 11 AM for registration : https://t.co/79GSr2cuv5\n@IIMA\xe2\x80\xa6'
2020-07-31 12:18:13,"b'RT @NPanchbhai: #lastopportunity Join #NPC #webinar on ""Relevance of #Agile approach in change implementation"" #Registration Link : https:/\xe2\x80\xa6'"
2020-07-31 12:13:33,b'@AdfactorsPR @YadavAnubhuti @IIMC_India @RepTodayMag Institutions like @IIMC_India should introduce 4/6 months cour\xe2\x80\xa6 https://t.co/7Df0ntHtgg'
2020-07-31 12:12:32,b'Join @NPC_INDIA_GOV #webinar on #UNLOCK #happiness  on 11 August 11 AM for registration : https://t.co/79GSr2cuv5\xe2\x80\xa6 https://t.co/bZZKDlvSoh'
2020-07-31 11:33:46,b'RT @MNMNanbargal: It takes sound leadership to achieve success in any sphere\n\nLet us talk to Coach/Cricketer and author of The Winning Sixe\xe2\x80\xa6'
2020-07-31 11:30:52,"b'Learn tools and techniques used for handling, managing, analyzing and interpreting #data.\n\nThe program will be hand\xe2\x80\xa6 https://t.co/P23rPToXJ7'"
2020-07-31 11:21:40,b'It takes sound leadership to achieve success in any sphere\n\nLet us talk to Coach/Cricketer and author of The Winnin\xe2\x80\xa6 https://t.co/No0t14m5Ff'
2020-07-31 10:47:17,"b'RT @AdfactorsPR: ""Education is seeing a tectonic shift during this pandemic"", says @YadavAnubhuti from @IIMC_India #CommsAhead @RepTodayMag'"
2020-07-31 10:47:13,"b'RT @AdfactorsPR: ""This particular transition to online learning has been very swift"", @YadavAnubhuti from @IIMC_India #CommsAhead @RepToday\xe2\x80\xa6'"
2020-07-31 10:47:02,"b'RT @AdfactorsPR: ""We are all experimenting with blended learning right now, which is a positive outcome in the current scenario"", says @Yad\xe2\x80\xa6'"
2020-07-31 10:46:29,"b'RT @AdfactorsPR: ""We are inviting industry professionals and taking inputs from them for our syllabus"", says @YadavAnubhuti from @IIMC_Indi\xe2\x80\xa6'"
2020-07-31 10:46:25,"b'RT @AdfactorsPR: ""PR professionals should collaborate with educators and institutions rather than establish PR schools parallely"", says @Ya\xe2\x80\xa6'"
2020-07-31 10:44:57,b'RT @amithpr: Are you watching https://t.co/aqLNJ9edcT to listen to @Ruchijaggi @rajeevchawlas @YadavAnubhuti @drpadmarani \nIn conversation\xe2\x80\xa6'
2020-07-31 10:44:43,"b'RT @AdfactorsPR: ""PR professionals should collaborate with educators and institutions rather than establish PR schools parallely"", says @Ya\xe2\x80\xa6'"
2020-07-31 10:39:12,"b'""PR professionals should collaborate with educators and institutions rather than establish PR schools parallely"", s\xe2\x80\xa6 https://t.co/U5AbTG41dB'"
2020-07-31 10:31:09,"b'""We are inviting industry professionals and taking inputs from them for our syllabus"", says @YadavAnubhuti from\xe2\x80\xa6 https://t.co/snCUqzFsKB'"
2020-07-31 10:24:23,"b'RT @NPanchbhai: #lastopportunity Join #NPC #webinar on ""Relevance of #Agile approach in change implementation"" #Registration Link : https:/\xe2\x80\xa6'"
2020-07-31 09:56:28,b'RT @Ashish95984900: Join @NPC_INDIA_GOV #webinar on 31 July 3 PM\n@IIMC_India @IIM_Calcutta @IIMB_EPGP @Iris_IIMI @IivstC @iiscbangalore @is\xe2\x80\xa6'
2020-07-31 09:54:35,"b'RT @NPanchbhai: #lastopportunity Join #NPC #webinar on ""Relevance of #Agile approach in change implementation"" #Registration Link : https:/\xe2\x80\xa6'"
2020-07-31 09:46:25,"b'""We are all experimenting with blended learning right now, which is a positive outcome in the current scenario"", sa\xe2\x80\xa6 https://t.co/8wFYQisp6J'"
2020-07-31 09:44:22,"b'""This particular transition to online learning has been very swift"", @YadavAnubhuti from @IIMC_India #CommsAhead @RepTodayMag'"
2020-07-31 09:43:55,"b'""Education is seeing a tectonic shift during this pandemic"", says @YadavAnubhuti from @IIMC_India #CommsAhead @RepTodayMag'"
2020-07-31 09:43:17,b'Are you watching https://t.co/aqLNJ9edcT to listen to @Ruchijaggi @rajeevchawlas @YadavAnubhuti @drpadmarani \nIn co\xe2\x80\xa6 https://t.co/yoyijgl0HX'
2020-07-31 09:42:58,"b'""There are a lot of challenges that are being faced by all of us in academia in terms of how to keep teaching and l\xe2\x80\xa6 https://t.co/pdRGKeV5tj'"
2020-07-31 09:40:36,"b'RT @NPC_INDIA_GOV: Learn about ""Gender Sensitization"". Join #Webinar on 10th August at 11.00 AM. Register  https://t.co/7sEtW2tHGV\n\n@NPC_IN\xe2\x80\xa6'"
2020-07-31 09:37:30,"b'RT @NPanchbhai: #lastopportunity Join #NPC #webinar on ""Relevance of Agile approach in change implementation""Registration Link : https://t.\xe2\x80\xa6'"
2020-07-31 09:35:54,"b'RT @NPanchbhai: #lastopportunity Join #NPC #webinar on ""Relevance of Agile approach in change implementation""Registration Link : https://t.\xe2\x80\xa6'"
2020-07-31 08:57:44,b'@iimckottayam @IIMC_India @YadavAnubhuti @apradhan1968 @MamtaVarma1 @ProfSanjay_Mcu @snambudiripad @SurbhiDahiyaEJ\xe2\x80\xa6 https://t.co/dJkt27VsI1'
2020-07-31 08:04:11,b'RT @mukeshrawat705: #JobAlert 106\n&gt;Role: Social media associate\n&gt;Org: Indian Institute of Mass Communication (@IIMC_India )\n&gt;Exp: 3yrs\n&gt;Age\xe2\x80\xa6'
2020-07-31 07:57:55,b'RT @mukeshrawat705: #JobAlert 106\n&gt;Role: Social media associate\n&gt;Org: Indian Institute of Mass Communication (@IIMC_India )\n&gt;Exp: 3yrs\n&gt;Age\xe2\x80\xa6'
2020-07-31 07:35:52,b'RT @IIMC_India: Today at 3 p.m https://t.co/nyhO8mWgT4'
2020-07-31 07:35:29,"b'RT @NPC_INDIA_GOV: Join #NPC #webinar on ""Relevance of Agile approach in change implementation""Registration Link : https://t.co/9pz1cswKDd\xe2\x80\xa6'"
2020-07-31 07:26:56,"b'RT @NPanchbhai: #lastopportunity Join #NPC #webinar on ""Relevance of #Agile approach in change implementation"" #Registration Link : https:/\xe2\x80\xa6'"
2020-07-31 07:24:51,b'RT @IIMC_India: Today at 3 p.m https://t.co/nyhO8mWgT4'
2020-07-31 07:23:44,"b'RT @dhritiman_c: Learn about ""Gender Sensitization"". Join #Webinar on 10th August at 11.00 AM. Register  https://t.co/jdTwWsQuAD\n\n@NPC_INDI\xe2\x80\xa6'"
2020-07-31 07:18:36,"b'RT @NPanchbhai: #lastopportunity Join #NPC #webinar on ""Relevance of Agile approach in change implementation""Registration Link : https://t.\xe2\x80\xa6'"
2020-07-31 07:14:45,b'#JobAlert 106\n&gt;Role: Social media associate\n&gt;Org: Indian Institute of Mass Communication (@IIMC_India )\n&gt;Exp: 3yrs\xe2\x80\xa6 https://t.co/aVbr3W6WgU'
2020-07-31 07:03:05,"b'RT @NPanchbhai: #lastopportunity Join #NPC #webinar on ""Relevance of #Agile approach in change implementation"" #Registration Link : https:/\xe2\x80\xa6'"
2020-07-31 06:32:10,"b'RT @NPanchbhai: #lastopportunity Join #NPC #webinar on ""Relevance of #Agile approach in change implementation"" #Registration Link : https:/\xe2\x80\xa6'"
2020-07-31 06:03:15,"b'RT @NPanchbhai: #lastopportunity Join #NPC #webinar on ""Relevance of #Agile approach in change implementation"" #Registration Link : https:/\xe2\x80\xa6'"
2020-07-31 05:41:17,b'@kg_suresh @UPESDehradun @IIMC_India @IIMC_MMK @iimckottayam @IIMCAA @NUJIndiaOrg @PrakashJavdekar @DG_PIB\xe2\x80\xa6 https://t.co/CP5lrMk08t'
2020-07-31 05:39:38,"b'RT @NPanchbhai: #lastopportunity Join #NPC #webinar on ""Relevance of #Agile approach in change implementation"" #Registration Link : https:/\xe2\x80\xa6'"
2020-07-31 05:20:38,"b'RT @NPanchbhai: #lastopportunity Join #NPC #webinar on ""Relevance of #Agile approach in change implementation"" #Registration Link : https:/\xe2\x80\xa6'"
2020-07-31 05:01:59,"b'RT @NPanchbhai: #lastopportunity Join #NPC #webinar on ""Relevance of #Agile approach in change implementation"" #Registration Link : https:/\xe2\x80\xa6'"
2020-07-31 04:56:12,"b'RT @NPanchbhai: #lastopportunity Join #NPC #webinar on ""Relevance of Agile approach in change implementation""Registration Link : https://t.\xe2\x80\xa6'"
2020-07-31 04:51:47,"b'RT @NPanchbhai: #lastopportunity Join #NPC #webinar on ""Relevance of Agile approach in change implementation""Registration Link : https://t.\xe2\x80\xa6'"
2020-07-31 04:42:25,"b'RT @NPanchbhai: #lastopportunity Join #NPC #webinar on ""Relevance of #Agile approach in change implementation"" #Registration Link : https:/\xe2\x80\xa6'"
2020-07-31 04:38:46,b'RT @Iftikharfariha: #COVID__19: @IIMC_India\nhas decided to skip entrance exams this  year. Admissions will be done on the basis of marks sc\xe2\x80\xa6'
2020-07-31 04:15:20,"b'#lastopportunity Join #NPC #webinar on ""Relevance of #Agile approach in change implementation"" #Registration Link :\xe2\x80\xa6 https://t.co/Vq4gjC8cqn'"
2020-07-31 04:11:08,"b'RT @NPanchbhai: Join #NPC #webinar on ""Relevance of Agile approach in change implementation""Registration Link : https://t.co/eZNIfycR5C @NP\xe2\x80\xa6'"
2020-07-31 02:43:19,"b'RT @dhritiman_c: Learn about ""Gender Sensitization"". Join #Webinar on 10th August at 11.00 AM. Register  https://t.co/jdTwWsQuAD\n\n@NPC_INDI\xe2\x80\xa6'"
2020-07-31 02:39:46,"b'RT @NPC_INDIA_GOV: Join #NPC #webinar on ""Relevance of Agile approach in change implementation""Registration Link : https://t.co/9pz1cswKDd\xe2\x80\xa6'"
2020-07-31 02:39:12,"b'RT @NPanchbhai: #lastopportunity Join #NPC #webinar on ""Relevance of Agile approach in change implementation""Registration Link : https://t.\xe2\x80\xa6'"
2020-07-31 02:34:29,"b'RT @NPanchbhai: #lastopportunity Join #NPC #webinar on ""Relevance of Agile approach in change implementation""Registration Link : https://t.\xe2\x80\xa6'"
2020-07-31 02:27:12,"b'RT @NPanchbhai: #lastopportunity Join #NPC #webinar on ""Relevance of Agile approach in change implementation""Registration Link : https://t.\xe2\x80\xa6'"
2020-07-30 18:57:13,"b'RT @NPC_INDIA_GOV: Join #NPC #webinar on ""Relevance of Agile approach in change implementation""Registration Link : https://t.co/9pz1cswKDd\xe2\x80\xa6'"
2020-07-30 18:04:03,"b'RT @dhritiman_c: Learn about ""Gender Sensitization"". Join #Webinar on 10th August at 11.00 AM. Register  https://t.co/jdTwWsQuAD\n\n@NPC_INDI\xe2\x80\xa6'"
2020-07-30 18:03:43,"b'RT @NPC_INDIA_GOV: Learn about ""Gender Sensitization"". Join #Webinar on 10th August at 11.00 AM. Register  https://t.co/7sEtW2tHGV\n\n@NPC_IN\xe2\x80\xa6'"
2020-07-30 18:03:31,"b'RT @NPC_INDIA_GOV: Join #NPC #webinar on ""Relevance of Agile approach in change implementation""Registration Link : https://t.co/9pz1cswKDd\xe2\x80\xa6'"
2020-07-30 18:02:48,"b'RT @NPC_INDIA_GOV: Learn about ""Gender Sensitization"". Join #Webinar on 10th August at 11.00 AM. Register  https://t.co/7sEtW2tHGV\n\n@NPC_IN\xe2\x80\xa6'"
2020-07-30 18:01:15,"b'RT @NPanchbhai: #lastopportunity Join #NPC #webinar on ""Relevance of Agile approach in change implementation""Registration Link : https://t.\xe2\x80\xa6'"
2020-07-30 17:25:38,b'RT @Ashish95984900: Take the advantage of @NPC_INDIA_GOV E-PASS services \n@IIMAhmedabad @IIMKsp @IIM_Bangalore @IIML @IIMKozhikode  @IIMC_I\xe2\x80\xa6'
2020-07-30 17:25:08,"b'RT @NPanchbhai: #lastopportunity Join #NPC #webinar on ""Relevance of Agile approach in change implementation""Registration Link : https://t.\xe2\x80\xa6'"
2020-07-30 17:22:17,"b'RT @NPC_INDIA_GOV: Join #NPC #webinar on ""Relevance of Agile approach in change implementation""Registration Link : https://t.co/9pz1cswKDd\xe2\x80\xa6'"
2020-07-30 17:19:17,"b'RT @dhritiman_c: Learn about ""Gender Sensitization"". Join #Webinar on 10th August at 11.00 AM. Register  https://t.co/jdTwWsQuAD\n\n@NPC_INDI\xe2\x80\xa6'"
2020-07-30 17:17:09,"b'RT @NPanchbhai: #lastopportunity Join #NPC #webinar on ""Relevance of Agile approach in change implementation""Registration Link : https://t.\xe2\x80\xa6'"
2020-07-30 17:00:53,"b'RT @NPC_INDIA_GOV: Join #NPC #webinar on ""Relevance of Agile approach in change implementation""Registration Link : https://t.co/9pz1cswKDd\xe2\x80\xa6'"
2020-07-30 16:58:48,"b'RT @NPanchbhai: #lastopportunity Join #NPC #webinar on ""Relevance of Agile approach in change implementation""Registration Link : https://t.\xe2\x80\xa6'"
2020-07-30 16:43:48,"b'RT @kg_suresh: Today 12 noon, organised by @PIB_India &amp; Regional Outreach Bureau, Dehradun, Min of Information &amp; Broadcasting, Govt of Indi\xe2\x80\xa6'"
2020-07-30 16:41:11,"b'RT @NPC_INDIA_GOV: Learn about ""Gender Sensitization"". Join #Webinar on 10th August at 11.00 AM. Register  https://t.co/7sEtW2tHGV\n\n@NPC_IN\xe2\x80\xa6'"
2020-07-30 16:24:48,"b'RT @NPC_INDIA_GOV: Join #NPC #webinar on ""Relevance of Agile approach in change implementation""Registration Link : https://t.co/9pz1cswKDd\xe2\x80\xa6'"
2020-07-30 14:44:24,b'RT @Ashish95984900: Join @NPC_INDIA_GOV #webinar on 11 August 11AM\n@IIMAhmedabad @IIMKsp @IIM_Bangalore @IIML @IIMKozhikode @iimag @IIMC_In\xe2\x80\xa6'
2020-07-30 14:42:39,"b'RT @NPanchbhai: #lastopportunity Join #NPC #webinar on ""Relevance of Agile approach in change implementation""Registration Link : https://t.\xe2\x80\xa6'"
2020-07-30 14:41:37,"b'RT @NPanchbhai: #lastopportunity Join #NPC #webinar on ""Relevance of Agile approach in change implementation""Registration Link : https://t.\xe2\x80\xa6'"
2020-07-30 14:40:11,"b""Energy efficiency is the key...storing, sparing, reusing, let's work on it for a sustainable living @TiEBangalore\xe2\x80\xa6 https://t.co/rPccjFYHmM"""
2020-07-30 14:38:35,"b'RT @NPanchbhai: #lastopportunity Join #NPC #webinar on ""Relevance of Agile approach in change implementation""Registration Link : https://t.\xe2\x80\xa6'"
2020-07-30 14:15:57,"b'RT @dhritiman_c: Learn about ""Gender Sensitization"". Join #Webinar on 10th August at 11.00 AM. Register  https://t.co/jdTwWsQuAD\n\n@NPC_INDI\xe2\x80\xa6'"
2020-07-30 14:14:47,"b'RT @dhritiman_c: Learn about ""Gender Sensitization"". Join #Webinar on 10th August at 11.00 AM. Register  https://t.co/jdTwWsQuAD\n\n@NPC_INDI\xe2\x80\xa6'"
2020-07-30 14:10:39,"b'RT @NPC_INDIA_GOV: Join #NPC #webinar on ""Relevance of Agile approach in change implementation""Registration Link : https://t.co/9pz1cswKDd\xe2\x80\xa6'"
2020-07-30 14:07:55,b'RT @Iftikharfariha: #COVID__19: @IIMC_India\nhas decided to skip entrance exams this  year. Admissions will be done on the basis of marks sc\xe2\x80\xa6'
2020-07-30 14:04:44,"b'RT @NPC_INDIA_GOV: Learn about ""Gender Sensitization"". Join #Webinar on 10th August at 11.00 AM. Register  https://t.co/7sEtW2tHGV\n\n@NPC_IN\xe2\x80\xa6'"
2020-07-30 13:52:18,b'RT @Iftikharfariha: #COVID__19: @IIMC_India\nhas decided to skip entrance exams this  year. Admissions will be done on the basis of marks sc\xe2\x80\xa6'
2020-07-30 13:31:44,b'@AKASHGA77658632 @iimckottayam @IIMC_India @YadavAnubhuti @MamtaVarma1 @ProfSanjay_Mcu @snambudiripad\xe2\x80\xa6 https://t.co/AcK8Mojjef'
2020-07-30 13:28:43,b'@gooner_neg @Iftikharfariha @IIMC_India @IIMCAA Agree!!'
2020-07-30 13:22:46,b'@Iftikharfariha @IIMC_India @IIMCAA Bad decision'
2020-07-30 12:51:11,"b'RT @NPC_INDIA_GOV: Learn about ""Gender Sensitization"". Join #Webinar on 10th August at 11.00 AM. Register  https://t.co/7sEtW2tHGV\n\n@NPC_IN\xe2\x80\xa6'"
2020-07-30 12:44:12,"b'RT @akaGJS: Probably the first time ever, there will be no entrance exam for @IIMC_India. Admissions to the #journalism on basis of marks s\xe2\x80\xa6'"
2020-07-30 12:31:09,"b'RT @NPC_INDIA_GOV: Join #NPC #webinar on ""Relevance of Agile approach in change implementation""Registration Link : https://t.co/9pz1cswKDd\xe2\x80\xa6'"
2020-07-30 12:22:18,"b'RT @kg_suresh: Today 12 noon, organised by @PIB_India &amp; Regional Outreach Bureau, Dehradun, Min of Information &amp; Broadcasting, Govt of Indi\xe2\x80\xa6'"
2020-07-30 12:18:51,"b'RT @dhritiman_c: Learn about ""Gender Sensitization"". Join #Webinar on 10th August at 11.00 AM. Register  https://t.co/jdTwWsQuAD\n\n@NPC_INDI\xe2\x80\xa6'"
2020-07-30 12:00:56,"b'Shri @subrahyd, Secretary, Ministry of Social Justice &amp; Empowerment, Govt. of India, graced we the #IIS-OTs &amp; share\xe2\x80\xa6 https://t.co/fwIwlBlt1a'"
2020-07-30 12:00:20,"b'RT @kg_suresh: Today 12 noon, organised by @PIB_India &amp; Regional Outreach Bureau, Dehradun, Min of Information &amp; Broadcasting, Govt of Indi\xe2\x80\xa6'"
2020-07-30 11:51:10,b'@iimckottayam @IIMC_India @YadavAnubhuti @apradhan1968 @MamtaVarma1 @ProfSanjay_Mcu @snambudiripad @SurbhiDahiyaEJ\xe2\x80\xa6 https://t.co/mSVIpXmRVk'
2020-07-30 11:46:09,"b'RT @NPC_INDIA_GOV: Join #NPC #webinar on ""Relevance of Agile approach in change implementation""Registration Link : https://t.co/9pz1cswKDd\xe2\x80\xa6'"
2020-07-30 11:45:54,"b'RT @dhritiman_c: Learn about ""Gender Sensitization"". Join #Webinar on 10th August at 11.00 AM. Register  https://t.co/jdTwWsQuAD\n\n@NPC_INDI\xe2\x80\xa6'"
2020-07-30 11:45:37,"b'RT @NPC_INDIA_GOV: Learn about ""Gender Sensitization"". Join #Webinar on 10th August at 11.00 AM. Register  https://t.co/7sEtW2tHGV\n\n@NPC_IN\xe2\x80\xa6'"
2020-07-30 11:18:20,"b'RT @NPC_INDIA_GOV: Learn about ""Gender Sensitization"". Join #Webinar on 10th August at 11.00 AM. Register  https://t.co/7sEtW2tHGV\n\n@NPC_IN\xe2\x80\xa6'"
2020-07-30 09:47:20,"b'RT @NPC_INDIA_GOV: Join #NPC #webinar on ""Relevance of Agile approach in change implementation""Registration Link : https://t.co/9pz1cswKDd\xe2\x80\xa6'"
2020-07-30 09:42:20,"b'RT @NPanchbhai: Join #NPC #webinar on ""Relevance of Agile approach in change implementation""Registration Link : https://t.co/eZNIfycR5C @NP\xe2\x80\xa6'"
2020-07-30 09:40:36,b'RT @Iftikharfariha: #COVID__19: @IIMC_India\nhas decided to skip entrance exams this  year. Admissions will be done on the basis of marks sc\xe2\x80\xa6'
2020-07-30 09:25:13,"b'RT @NPC_INDIA_GOV: Learn about ""Gender Sensitization"". Join #Webinar on 10th August at 11.00 AM. Register  https://t.co/7sEtW2tHGV\n\n@NPC_IN\xe2\x80\xa6'"
2020-07-30 09:24:32,"b'RT @NPC_INDIA_GOV: Join #NPC #webinar on ""Relevance of Agile approach in change implementation""Registration Link : https://t.co/9pz1cswKDd\xe2\x80\xa6'"
2020-07-30 09:24:29,"b'RT @dhritiman_c: Learn about ""Gender Sensitization"". Join #Webinar on 10th August at 11.00 AM. Register  https://t.co/jdTwWsQuAD\n\n@NPC_INDI\xe2\x80\xa6'"
2020-07-30 09:08:10,b'RT @Iftikharfariha: #COVID__19: @IIMC_India\nhas decided to skip entrance exams this  year. Admissions will be done on the basis of marks sc\xe2\x80\xa6'
2020-07-30 09:02:58,"b'.@IIMC_India cancels entrance exam, admissions to be merit-based this year. Full report at https://t.co/rq9o7YD70E\xe2\x80\xa6 https://t.co/aLZxh8Ducq'"
2020-07-30 09:02:08,"b'Covid-19: IIMC to skip entrance exams this year, first semester classes to go online\nhttps://t.co/l6I6nBvwGv  @IIMC_India @IIMCAA'"
2020-07-30 08:50:11,"b'RT @NPC_INDIA_GOV: Join #NPC #webinar on ""Relevance of Agile approach in change implementation""Registration Link : https://t.co/9pz1cswKDd\xe2\x80\xa6'"
2020-07-30 08:12:13,"b'RT @NPC_INDIA_GOV: Join #NPC #webinar on ""Relevance of Agile approach in change implementation""Registration Link : https://t.co/9pz1cswKDd\xe2\x80\xa6'"
2020-07-30 08:11:52,"b'RT @NPC_INDIA_GOV: Learn about ""Gender Sensitization"". Join #Webinar on 10th August at 11.00 AM. Register  https://t.co/7sEtW2tHGV\n\n@NPC_IN\xe2\x80\xa6'"
2020-07-30 08:10:54,"b'RT @dhritiman_c: Learn about ""Gender Sensitization"". Join #Webinar on 10th August at 11.00 AM. Register  https://t.co/jdTwWsQuAD\n\n@NPC_INDI\xe2\x80\xa6'"
2020-07-30 08:10:34,b'RT @ieeducation_job: No entrance test for admission to @IIMC_India this year \n\nhttps://t.co/1N6AKb1sad'
2020-07-30 08:08:59,b'RT @ieeducation_job: No entrance test for admission to @IIMC_India this year \n\nhttps://t.co/1N6AKb1sad'
2020-07-30 08:08:50,b'No entrance test for admission to @IIMC_India this year \n\nhttps://t.co/1N6AKb1sad'
2020-07-30 08:00:40,"b'RT @dhritiman_c: Learn about ""Gender Sensitization"". Join #Webinar on 10th August at 11.00 AM. Register  https://t.co/jdTwWsQuAD\n\n@NPC_INDI\xe2\x80\xa6'"
2020-07-30 07:41:33,b'RT @praveensamantar: @roshanenvo11 @ONGC_ @nmdclimited @TataPower @TataCompanies @CoalIndiaHQ @ntpclimited @IIMKozhikode @IIM_Bangalore @ii\xe2\x80\xa6'
2020-07-30 07:39:34,"b'RT @dhritiman_c: Learn about ""Gender Sensitization"". Join #Webinar on 10th August at 11.00 AM. Register  https://t.co/jdTwWsQuAD\n\n@NPC_INDI\xe2\x80\xa6'"
2020-07-30 07:27:18,"b'Join #NPC #webinar on ""Relevance of Agile approach in change implementation""Registration Link :\xe2\x80\xa6 https://t.co/GgHXlFpW0D'"
2020-07-30 07:25:46,"b'RT @NPanchbhai: #lastopportunity Join #NPC #webinar on ""Relevance of Agile approach in change implementation""Registration Link : https://t.\xe2\x80\xa6'"
2020-07-30 07:21:11,b'RT @Iftikharfariha: #COVID__19: @IIMC_India\nhas decided to skip entrance exams this  year. Admissions will be done on the basis of marks sc\xe2\x80\xa6'
2020-07-30 07:16:38,"b'RT @NPC_INDIA_GOV: Learn about ""Gender Sensitization"". Join #Webinar on 10th August at 11.00 AM. Register  https://t.co/7sEtW2tHGV\n\n@NPC_IN\xe2\x80\xa6'"
2020-07-30 07:16:32,"b'Learn about ""Gender Sensitization"". Join #Webinar on 10th August at 11.00 AM. Register  https://t.co/7sEtW2tHGV\xe2\x80\xa6 https://t.co/DdWAmfeNAf'"
2020-07-30 07:16:17,b'RT @Ashish95984900: Join @NPC_INDIA_GOV #webinar on 11 August 11AM\n@IIMAhmedabad @IIMKsp @IIM_Bangalore @IIML @IIMKozhikode @iimag @IIMC_In\xe2\x80\xa6'
2020-07-30 07:16:10,"b'RT @dhritiman_c: Learn about ""Gender Sensitization"". Join #Webinar on 10th August at 11.00 AM. Register  https://t.co/jdTwWsQuAD\n\n@NPC_INDI\xe2\x80\xa6'"
2020-07-30 07:16:05,"b'Learn about ""Gender Sensitization"". Join #Webinar on 10th August at 11.00 AM. Register  https://t.co/jdTwWsQuAD\xe2\x80\xa6 https://t.co/Eo75syHLmU'"
2020-07-30 07:15:05,b'RT @Ashish95984900: Take the advantage of @NPC_INDIA_GOV E-PASS services \n@IIMAhmedabad @IIMKsp @IIM_Bangalore @IIML @IIMKozhikode  @IIMC_I\xe2\x80\xa6'
2020-07-30 06:59:49,b'RT @Ashish95984900: Take the advantage of @NPC_INDIA_GOV E-PASS services \n@IIMAhmedabad @IIMKsp @IIM_Bangalore @IIML @IIMKozhikode  @IIMC_I\xe2\x80\xa6'
2020-07-30 06:59:29,"b'RT @NPanchbhai: Join #NPC #webinar on ""Relevance of Agile approach in change implementation""Registration Link : https://t.co/eZNIfycR5C @NP\xe2\x80\xa6'"
2020-07-30 06:49:55,"b'RT @akaGJS: Probably the first time ever, there will be no entrance exam for @IIMC_India. Admissions to the #journalism on basis of marks s\xe2\x80\xa6'"
2020-07-30 06:37:24,"b'Today 12 noon, organised by @PIB_India &amp; Regional Outreach Bureau, Dehradun, Min of Information &amp; Broadcasting, Gov\xe2\x80\xa6 https://t.co/hVqtSt0tKs'"
2020-07-30 06:21:15,b'RT @Iftikharfariha: #COVID__19: @IIMC_India\nhas decided to skip entrance exams this  year. Admissions will be done on the basis of marks sc\xe2\x80\xa6'
2020-07-30 06:06:39,b'RT @Iftikharfariha: #COVID__19: @IIMC_India\nhas decided to skip entrance exams this  year. Admissions will be done on the basis of marks sc\xe2\x80\xa6'
2020-07-30 05:46:08,"b'@Iftikharfariha @IIMC_India @IIMCAA Ye jroori nhi h ki saare students fees, fir laptop and fir internet ye sb affor\xe2\x80\xa6 https://t.co/zEkhfYN9yq'"
2020-07-30 05:32:27,b'@Iftikharfariha @IIMCAA @IIMC_India @snambudiripad ji 1st semester online ye theek nhi kiya sir'
2020-07-30 05:28:19,"b'RT @NPanchbhai: #lastopportunity Join #NPC #webinar on ""Relevance of Agile approach in change implementation""Registration Link : https://t.\xe2\x80\xa6'"
2020-07-30 05:16:34,b'RT @Iftikharfariha: #COVID__19: @IIMC_India\nhas decided to skip entrance exams this  year. Admissions will be done on the basis of marks sc\xe2\x80\xa6'
2020-07-30 05:15:26,b'RT @Ashish95984900: Take the advantage of @NPC_INDIA_GOV E-PASS services \n@IIMAhmedabad @IIMKsp @IIM_Bangalore @IIML @IIMKozhikode  @IIMC_I\xe2\x80\xa6'
2020-07-30 05:15:26,"b'RT @NPanchbhai: #lastopportunity Join #NPC #webinar on ""Relevance of Agile approach in change implementation""Registration Link : https://t.\xe2\x80\xa6'"
2020-07-30 05:15:24,b'RT @Iftikharfariha: #COVID__19: @IIMC_India\nhas decided to skip entrance exams this  year. Admissions will be done on the basis of marks sc\xe2\x80\xa6'
2020-07-30 05:02:39,"b'RT @NPanchbhai: #lastopportunity Join #NPC #webinar on ""Relevance of Agile approach in change implementation""Registration Link : https://t.\xe2\x80\xa6'"
2020-07-30 04:56:43,b'RT @Iftikharfariha: #COVID__19: @IIMC_India\nhas decided to skip entrance exams this  year. Admissions will be done on the basis of marks sc\xe2\x80\xa6'
2020-07-30 04:31:52,"b'#lastopportunity Join #NPC #webinar on ""Relevance of Agile approach in change implementation""Registration Link :\xe2\x80\xa6 https://t.co/w8frSI8cHI'"
2020-07-30 04:21:05,"b'RT @PravinMkumar: In wake of covid19, Delhi university @studyatdu should also skip the entrance exam for this year and should consider to t\xe2\x80\xa6'"
2020-07-30 04:20:56,b'RT @PravinMkumar: Exceptional situation needs exceptional decisions. @IIMC_India have skipped entrance exam for this year. There may be pro\xe2\x80\xa6'
2020-07-30 04:16:39,"b'Probably the first time ever, there will be no entrance exam for @IIMC_India. Admissions to the #journalism on basi\xe2\x80\xa6 https://t.co/Ny2pKtIel9'"
2020-07-30 04:14:23,"b'RT @NPanchbhai: Join #NPC #webinar on ""Relevance of Agile approach in change implementation""Registration Link : https://t.co/eZNIfycR5C @NP\xe2\x80\xa6'"
2020-07-30 03:52:36,b'RT @Iftikharfariha: #COVID__19: @IIMC_India\nhas decided to skip entrance exams this  year. Admissions will be done on the basis of marks sc\xe2\x80\xa6'
2020-07-30 03:45:05,b'RT @Iftikharfariha: #COVID__19: @IIMC_India\nhas decided to skip entrance exams this  year. Admissions will be done on the basis of marks sc\xe2\x80\xa6'
2020-07-30 03:36:23,b'#COVID__19: @IIMC_India\nhas decided to skip entrance exams this  year. Admissions will be done on the basis of mark\xe2\x80\xa6 https://t.co/r0JqdEg8RO'
2020-07-30 03:14:43,b'RT @Ashish95984900: Take the advantage of @NPC_INDIA_GOV E-PASS services \n@IIMAhmedabad @IIMKsp @IIM_Bangalore @IIML @IIMKozhikode  @IIMC_I\xe2\x80\xa6'
2020-07-30 02:57:39,b'RT @Ashish95984900: Join @NPC_INDIA_GOV #webinar on 11 August 11AM\n@IIMAhmedabad @IIMKsp @IIM_Bangalore @IIML @IIMKozhikode @iimag @IIMC_In\xe2\x80\xa6'
2020-07-30 02:49:43,"b'RT @NPanchbhai: Join #NPC #webinar on ""Relevance of Agile approach in change implementation""Registration Link : https://t.co/eZNIfycR5C @NP\xe2\x80\xa6'"
2020-07-30 02:42:51,b'RT @Ashish95984900: Join @NPC_INDIA_GOV #webinar on 31 July 3 PM\n@IIMC_India @IIM_Calcutta @IIMB_EPGP @Iris_IIMI @IivstC @iiscbangalore @is\xe2\x80\xa6'
2020-07-30 02:38:18,b'RT @Ashish95984900: Join @NPC_INDIA_GOV #webinar on 11 August 11AM\n@IIMAhmedabad @IIMKsp @IIM_Bangalore @IIML @IIMKozhikode @iimag @IIMC_In\xe2\x80\xa6'
2020-07-30 02:36:21,b'RT @Ashish95984900: Take the advantage of @NPC_INDIA_GOV E-PASS services \n@IIMAhmedabad @IIMKsp @IIM_Bangalore @IIML @IIMKozhikode  @IIMC_I\xe2\x80\xa6'
2020-07-30 02:09:44,b'RT @Ashish95984900: Join @NPC_INDIA_GOV #webinar on 31 July 3 PM\n@IIMC_India @IIM_Calcutta @IIMB_EPGP @Iris_IIMI @IivstC @iiscbangalore @is\xe2\x80\xa6'
2020-07-30 02:01:35,b'RT @Ashish95984900: Take the advantage of @NPC_INDIA_GOV E-PASS services \n@IIMAhmedabad @IIMKsp @IIM_Bangalore @IIML @IIMKozhikode  @IIMC_I\xe2\x80\xa6'
2020-07-30 02:01:00,"b'RT @NPanchbhai: Join #NPC #webinar on ""Relevance of Agile approach in change implementation""Registration Link : https://t.co/eZNIfycR5C @NP\xe2\x80\xa6'"
2020-07-30 01:57:00,"b'RT @NPanchbhai: #lastopportunity Join #NPC #webinar on ""Relevance of Agile approach in change implementation""Registration Link : https://t.\xe2\x80\xa6'"
2020-07-30 01:56:29,b'RT @Ashish95984900: Join @NPC_INDIA_GOV #webinar on 11 August 11AM\n@IIMAhmedabad @IIMKsp @IIM_Bangalore @IIML @IIMKozhikode @iimag @IIMC_In\xe2\x80\xa6'
2020-07-30 01:55:13,b'RT @Ashish95984900: Join @NPC_INDIA_GOV #webinar on 11 August 11AM\n@IIMAhmedabad @IIMKsp @IIM_Bangalore @IIML @IIMKozhikode @iimag @IIMC_In\xe2\x80\xa6'
2020-07-30 00:53:52,"b'RT @NPanchbhai: Join #NPC #webinar on ""Relevance of Agile approach in change implementation""Registration Link : https://t.co/eZNIfycR5C @NP\xe2\x80\xa6'"
2020-07-29 20:44:55,"b'In wake of covid19, Delhi university @studyatdu should also skip the entrance exam for this year and should conside\xe2\x80\xa6 https://t.co/DSur9HC8iu'"
2020-07-29 20:31:40,b'Exceptional situation needs exceptional decisions. @IIMC_India have skipped entrance exam for this year. There may\xe2\x80\xa6 https://t.co/IQXC585nWS'
2020-07-29 18:35:30,b'@htTweets @Iftikharfariha @IIMC_India @IIMCAA\nThe new admission procedure is not fair.\nYou can do better IIMC\n@IIMC_India'
2020-07-29 17:33:00,b'RT @Ashish95984900: Take the advantage of @NPC_INDIA_GOV E-PASS services \n@IIMAhmedabad @IIMKsp @IIM_Bangalore @IIML @IIMKozhikode  @IIMC_I\xe2\x80\xa6'
2020-07-29 17:32:41,b'RT @Ashish95984900: Join @NPC_INDIA_GOV #webinar on 11 August 11AM\n@IIMAhmedabad @IIMKsp @IIM_Bangalore @IIML @IIMKozhikode @iimag @IIMC_In\xe2\x80\xa6'
2020-07-29 17:30:45,b'RT @Ashish95984900: Take the advantage of @NPC_INDIA_GOV E-PASS services \n@IIMAhmedabad @IIMKsp @IIM_Bangalore @IIML @IIMKozhikode  @IIMC_I\xe2\x80\xa6'
2020-07-29 17:09:58,"b'RT @NPanchbhai: #lastopportunity Join #NPC #webinar on ""Relevance of Agile approach in change implementation""Registration Link : https://t.\xe2\x80\xa6'"
2020-07-29 16:59:11,b'A lot of aspirants are upset with this decision by @IIMC_India. The idea of online classes for sem 1 is also dishea\xe2\x80\xa6 https://t.co/IUKJajc2Hb'
2020-07-29 16:58:45,b'RT @Ashish95984900: Join @NPC_INDIA_GOV #webinar on 11 August 11AM\n@IIMAhmedabad @IIMKsp @IIM_Bangalore @IIML @IIMKozhikode @iimag @IIMC_In\xe2\x80\xa6'
2020-07-29 16:57:37,b'RT @Ashish95984900: Take the advantage of @NPC_INDIA_GOV E-PASS services \n@IIMAhmedabad @IIMKsp @IIM_Bangalore @IIML @IIMKozhikode  @IIMC_I\xe2\x80\xa6'
2020-07-29 16:55:43,"b'RT @NPanchbhai: Join #NPC #webinar on ""Relevance of Agile approach in change implementation""Registration Link : https://t.co/eZNIfycR5C @NP\xe2\x80\xa6'"
2020-07-29 16:53:42,b'RT @Ashish95984900: Join @NPC_INDIA_GOV #webinar on 11 August 11AM\n@IIMAhmedabad @IIMKsp @IIM_Bangalore @IIML @IIMKozhikode @iimag @IIMC_In\xe2\x80\xa6'
2020-07-29 15:29:05,b'RT @Ashish95984900: Join @NPC_INDIA_GOV #webinar on 11 August 11AM\n@IIMAhmedabad @IIMKsp @IIM_Bangalore @IIML @IIMKozhikode @iimag @IIMC_In\xe2\x80\xa6'
2020-07-29 15:28:52,b'RT @Ashish95984900: Take the advantage of @NPC_INDIA_GOV E-PASS services \n@IIMAhmedabad @IIMKsp @IIM_Bangalore @IIML @IIMKozhikode  @IIMC_I\xe2\x80\xa6'
2020-07-29 15:04:29,"b'RT @NPanchbhai: Join #NPC #webinar on ""Relevance of Agile approach in change implementation""Registration Link : https://t.co/eZNIfycR5C @NP\xe2\x80\xa6'"
2020-07-29 14:54:03,"b'RT @NPanchbhai: #lastopportunity Join #NPC #webinar on ""Relevance of Agile approach in change implementation""Registration Link : https://t.\xe2\x80\xa6'"
2020-07-29 14:48:27,"b'RT @NPanchbhai: Join #NPC #webinar on ""Relevance of Agile approach in change implementation""Registration Link : https://t.co/eZNIfycR5C @NP\xe2\x80\xa6'"
2020-07-29 14:46:23,"b'RT @NPanchbhai: Join #NPC #webinar on ""Relevance of Agile approach in change implementation""Registration Link : https://t.co/eZNIfycR5C @NP\xe2\x80\xa6'"
2020-07-29 14:42:29,b'RT @Ashish95984900: Join @NPC_INDIA_GOV #webinar on 31 July\n@IIMAhmedabad @IIMKsp @IIM_Bangalore @IIML @IIMKozhikode @iimag @IIMC_India @II\xe2\x80\xa6'
2020-07-29 14:40:04,b'RT @Ashish95984900: Join @NPC_INDIA_GOV #webinar on 11 August 11AM\n@IIMAhmedabad @IIMKsp @IIM_Bangalore @IIML @IIMKozhikode @iimag @IIMC_In\xe2\x80\xa6'
2020-07-29 14:37:49,b'RT @Ashish95984900: Take the advantage of @NPC_INDIA_GOV E-PASS services \n@IIMAhmedabad @IIMKsp @IIM_Bangalore @IIML @IIMKozhikode  @IIMC_I\xe2\x80\xa6'
2020-07-29 14:22:18,"b'RT @NPanchbhai: Join #NPC #webinar on ""Relevance of Agile approach in change implementation""Registration Link : https://t.co/eZNIfycR5C @NP\xe2\x80\xa6'"
2020-07-29 14:19:37,"b'RT @NPanchbhai: Join #NPC #webinar on ""Relevance of Agile approach in change implementation""Registration Link : https://t.co/eZNIfycR5C @NP\xe2\x80\xa6'"
2020-07-29 14:19:22,"b'RT @NPanchbhai: Join #NPC #webinar on ""Relevance of Agile approach in change implementation""Registration Link : https://t.co/eZNIfycR5C @NP\xe2\x80\xa6'"
2020-07-29 14:17:06,"b'RT @NPanchbhai: Join #NPC #webinar on ""Relevance of Agile approach in change implementation""Registration Link : https://t.co/eZNIfycR5C @NP\xe2\x80\xa6'"
2020-07-29 14:12:15,b'RT @Ashish95984900: Join @NPC_INDIA_GOV #webinar on 11 August 11AM\n@IIMAhmedabad @IIMKsp @IIM_Bangalore @IIML @IIMKozhikode @iimag @IIMC_In\xe2\x80\xa6'
2020-07-29 13:36:29,"b'RT @NPanchbhai: Join #NPC #webinar on ""Relevance of Agile approach in change implementation""Registration Link : https://t.co/eZNIfycR5C @NP\xe2\x80\xa6'"
2020-07-29 12:52:29,"b'RT @NPanchbhai: Join #NPC #webinar on ""Relevance of Agile approach in change implementation""Registration Link : https://t.co/eZNIfycR5C @NP\xe2\x80\xa6'"
2020-07-29 12:51:37,b'RT @Ashish95984900: Take the advantage of @NPC_INDIA_GOV E-PASS services \n@IIMAhmedabad @IIMKsp @IIM_Bangalore @IIML @IIMKozhikode  @IIMC_I\xe2\x80\xa6'
2020-07-29 12:48:30,b'RT @Ashish95984900: Join @NPC_INDIA_GOV #webinar on 11 August 11AM\n@IIMAhmedabad @IIMKsp @IIM_Bangalore @IIML @IIMKozhikode @iimag @IIMC_In\xe2\x80\xa6'
2020-07-29 11:46:23,b'RT @Ashish95984900: Take the advantage of @NPC_INDIA_GOV E-PASS services \n@IIMAhmedabad @IIMKsp @IIM_Bangalore @IIML @IIMKozhikode  @IIMC_I\xe2\x80\xa6'
2020-07-29 11:29:55,"b'@ajaythakur11 @rahulkanwal Well said. Is d media clear on what it is doing with breaking news, Compromise n/securit\xe2\x80\xa6 https://t.co/uXOV27LBBY'"
2020-07-29 11:13:15,b'RT @Ashish95984900: Take the advantage of @NPC_INDIA_GOV E-PASS services \n@IIMAhmedabad @IIMKsp @IIM_Bangalore @IIML @IIMKozhikode  @IIMC_I\xe2\x80\xa6'
2020-07-29 11:11:00,b'RT @Ashish95984900: Take the advantage of @NPC_INDIA_GOV E-PASS services \n@IIMAhmedabad @IIMKsp @IIM_Bangalore @IIML @IIMKozhikode  @IIMC_I\xe2\x80\xa6'
2020-07-29 11:10:24,b'RT @Ashish95984900: Join @NPC_INDIA_GOV #webinar on 31 July\n@IIMAhmedabad @IIMKsp @IIM_Bangalore @IIML @IIMKozhikode @iimag @IIMC_India @II\xe2\x80\xa6'
2020-07-29 11:02:00,b'RT @Ashish95984900: Take the advantage of @NPC_INDIA_GOV E-PASS services \n@IIMAhmedabad @IIMKsp @IIM_Bangalore @IIML @IIMKozhikode  @IIMC_I\xe2\x80\xa6'
2020-07-29 10:40:12,b'RT @Ashish95984900: Take the advantage of @NPC_INDIA_GOV E-PASS services \n@IIMAhmedabad @IIMKsp @IIM_Bangalore @IIML @IIMKozhikode  @IIMC_I\xe2\x80\xa6'
2020-07-29 10:39:45,b'RT @Ashish95984900: Join @NPC_INDIA_GOV #webinar on 31 July\n@IIMAhmedabad @IIMKsp @IIM_Bangalore @IIML @IIMKozhikode @iimag @IIMC_India @II\xe2\x80\xa6'
2020-07-29 10:36:58,"b'RT @NPanchbhai: Join #NPC #webinar on ""Relevance of Agile approach in change implementation""Registration Link : https://t.co/eZNIfycR5C @NP\xe2\x80\xa6'"
2020-07-29 10:14:48,b'RT @Ashish95984900: Take the advantage of @NPC_INDIA_GOV E-PASS services \n@IIMAhmedabad @IIMKsp @IIM_Bangalore @IIML @IIMKozhikode  @IIMC_I\xe2\x80\xa6'
2020-07-29 09:54:43,b'Take the advantage of @NPC_INDIA_GOV E-PASS services \n@IIMAhmedabad @IIMKsp @IIM_Bangalore @IIML @IIMKozhikode\xe2\x80\xa6 https://t.co/Ah1RvNOYv8'
2020-07-29 09:44:17,b'Join @NPC_INDIA_GOV #webinar on 11 August 11AM\n@IIMAhmedabad @IIMKsp @IIM_Bangalore @IIML @IIMKozhikode @iimag\xe2\x80\xa6 https://t.co/6mapNrm1wJ'
2020-07-29 09:26:31,"b'RT @NPanchbhai: #lastopportunity Join #NPC #webinar on ""Relevance of Agile approach in change implementation""Registration Link : https://t.\xe2\x80\xa6'"
2020-07-29 08:45:40,"b'RT @NPanchbhai: Join #NPC #webinar on ""Relevance of Agile approach in change implementation""Registration Link : https://t.co/eZNIfycR5C @NP\xe2\x80\xa6'"
2020-07-29 08:44:24,"b'RT @NPanchbhai: Join #NPC #webinar on ""Relevance of Agile approach in change implementation""Registration Link : https://t.co/eZNIfycR5C @NP\xe2\x80\xa6'"
2020-07-29 08:12:23,"b'RT @NPanchbhai: Join #NPC #webinar on ""Relevance of Agile approach in change implementation""Registration Link : https://t.co/eZNIfycR5C @NP\xe2\x80\xa6'"
2020-07-29 08:10:56,"b'RT @NPanchbhai: Join #NPC #webinar on ""Relevance of Agile approach in change implementation""Registration Link : https://t.co/eZNIfycR5C @NP\xe2\x80\xa6'"
2020-07-29 08:09:46,b'RT @Ashish95984900: Join @NPC_INDIA_GOV #webinar on 1 August 5 PM\n@IIMAhmedabad @IIMKsp @IIM_Bangalore @IIML @IIMKozhikode @iimag @IIMC_Ind\xe2\x80\xa6'
2020-07-29 08:08:15,b'RT @Ashish95984900: Join @NPC_INDIA_GOV #webinar on 31 July 3 PM\n@IIMC_India @IIM_Calcutta @IIMB_EPGP @Iris_IIMI @IivstC @iiscbangalore @is\xe2\x80\xa6'
2020-07-29 08:03:52,"b'RT @NPanchbhai: #lastopportunity Join #NPC #webinar on ""Relevance of Agile approach in change implementation""Registration Link : https://t.\xe2\x80\xa6'"
2020-07-29 07:40:26,"b'RT @NPanchbhai: #lastopportunity Join #NPC #webinar on ""Relevance of Agile approach in change implementation""Registration Link : https://t.\xe2\x80\xa6'"
2020-07-29 07:36:12,b'RT @Ashish95984900: Join @NPC_INDIA_GOV #webinar on 31 July 3 PM\n@IIMC_India @IIM_Calcutta @IIMB_EPGP @Iris_IIMI @IivstC @iiscbangalore @is\xe2\x80\xa6'
2020-07-29 07:35:40,b'@AzaadHuman @IIMC_India Bikul \n\nTotallt Agree with you Pandit ! ...'
2020-07-29 07:34:41,"b'RT @NPanchbhai: #lastopportunity Join #NPC #webinar on ""Relevance of Agile approach in change implementation""Registration Link : https://t.\xe2\x80\xa6'"
2020-07-29 07:28:19,"b'RT @NPanchbhai: Join #NPC #webinar on ""Relevance of Agile approach in change implementation""Registration Link : https://t.co/eZNIfycR5C @NP\xe2\x80\xa6'"
2020-07-29 06:57:17,"b'RT @NPanchbhai: Join #NPC #webinar on ""Relevance of Agile approach in change implementation""Registration Link : https://t.co/eZNIfycR5C @NP\xe2\x80\xa6'"
2020-07-29 06:48:58,"b'RT @NPanchbhai: Join #NPC #webinar on ""Relevance of Agile approach in change implementation""Registration Link : https://t.co/eZNIfycR5C @NP\xe2\x80\xa6'"
2020-07-29 06:20:52,"b'RT @NPanchbhai: #lastopportunity Join #NPC #webinar on ""Relevance of Agile approach in change implementation""Registration Link : https://t.\xe2\x80\xa6'"
2020-07-29 06:00:24,"b'@iimc1999 @ShefVaidya Many MarxJamaati  are  product of @IIMC_India , you are the one. Without having knowledge of History, science etc.'"
2020-07-29 05:38:34,"b'RT @NPanchbhai: #lastopportunity Join #NPC #webinar on ""Relevance of Agile approach in change implementation""Registration Link : https://t.\xe2\x80\xa6'"
2020-07-29 05:38:08,b'RT @Ashish95984900: Join @NPC_INDIA_GOV #webinar on 31 July\n@IIMAhmedabad @IIMKsp @IIM_Bangalore @IIML @IIMKozhikode @iimag @IIMC_India @II\xe2\x80\xa6'
2020-07-29 05:32:07,"b'RT @NPanchbhai: Join #NPC #webinar on ""Relevance of Agile approach in change implementation""Registration Link : https://t.co/eZNIfycR5C @NP\xe2\x80\xa6'"
2020-07-29 05:31:59,b'RT @Ashish95984900: Join @NPC_INDIA_GOV #webinar on 1 August 5 PM\n@IIMAhmedabad @IIMKsp @IIM_Bangalore @IIML @IIMKozhikode @iimag @IIMC_Ind\xe2\x80\xa6'
2020-07-29 05:09:12,"b'RT @NPanchbhai: Join #NPC #webinar on ""Relevance of Agile approach in change implementation""Registration Link : https://t.co/eZNIfycR5C @NP\xe2\x80\xa6'"
2020-07-29 05:01:22,"b'Join #NPC #webinar on ""Relevance of Agile approach in change implementation""Registration Link :\xe2\x80\xa6 https://t.co/Ws0ivy1P9P'"
2020-07-29 04:53:34,"b""@justiceFirst_ @journonivedita @IIMC_India @IIMCAA @apradhan1968 Correct .\nI'm practicing from last 4 months.its no\xe2\x80\xa6 https://t.co/03bH4TSGxy"""
2020-07-29 04:19:52,"b'RT @NPC_INDIA_GOV: Need of the Hour - #Webinar on ""Leveraging MSME Financing for Post Lock-down Revival"" on 7th July @ 3.00 PM by UNIDO-NPC\xe2\x80\xa6'"
2020-07-29 04:19:12,b'RT @pritamghataknpc: Join @NPC_INDIA_GOV #webinar on #WorkinProgress #inventory #management on 14thJuly3pm\nRegister here: https://t.co/vLTQ\xe2\x80\xa6'
2020-07-29 01:44:34,"b'RT @NPanchbhai: #lastopportunity Join #NPC #webinar on ""Relevance of Agile approach in change implementation""Registration Link : https://t.\xe2\x80\xa6'"
2020-07-29 01:36:45,b'RT @praveensamantar: @roshanenvo11 @ONGC_ @nmdclimited @TataPower @TataCompanies @CoalIndiaHQ @ntpclimited @IIMKozhikode @IIM_Bangalore @ii\xe2\x80\xa6'
2020-07-29 01:24:21,b'RT @Ashish95984900: Join @NPC_INDIA_GOV #webinar on 31 July\n@IIMAhmedabad @IIMKsp @IIM_Bangalore @IIML @IIMKozhikode @iimag @IIMC_India @II\xe2\x80\xa6'
2020-07-29 00:36:09,b'RT @Ashish95984900: Join @NPC_INDIA_GOV #webinar on 1 August 5 PM\n@IIMAhmedabad @IIMKsp @IIM_Bangalore @IIML @IIMKozhikode @iimag @IIMC_Ind\xe2\x80\xa6'
2020-07-28 19:19:45,b'RT @Ashish95984900: Join @NPC_INDIA_GOV #webinar on 1 August 5 PM\n@IIMAhmedabad @IIMKsp @IIM_Bangalore @IIML @IIMKozhikode @iimag @IIMC_Ind\xe2\x80\xa6'
2020-07-28 19:16:42,b'RT @Ashish95984900: Join @NPC_INDIA_GOV #webinar on 31 July 3 PM\n@IIMC_India @IIM_Calcutta @IIMB_EPGP @Iris_IIMI @IivstC @iiscbangalore @is\xe2\x80\xa6'
2020-07-28 19:13:23,"b'RT @NPanchbhai: #lastopportunity Join #NPC #webinar on ""Relevance of Agile approach in change implementation""Registration Link : https://t.\xe2\x80\xa6'"
2020-07-28 17:50:16,b'RT @praveensamantar: @roshanenvo11 @ONGC_ @nmdclimited @TataPower @TataCompanies @CoalIndiaHQ @ntpclimited @IIMKozhikode @IIM_Bangalore @ii\xe2\x80\xa6'
2020-07-28 17:50:07,b'RT @Ashish95984900: Join @NPC_INDIA_GOV #webinar on 31 July 3 PM\n@IIMC_India @IIM_Calcutta @IIMB_EPGP @Iris_IIMI @IivstC @iiscbangalore @is\xe2\x80\xa6'
2020-07-28 17:37:08,b'RT @Ashish95984900: Join @NPC_INDIA_GOV #webinar on 1 August 5 PM\n@IIMAhmedabad @IIMKsp @IIM_Bangalore @IIML @IIMKozhikode @iimag @IIMC_Ind\xe2\x80\xa6'
2020-07-28 17:16:54,b'RT @Ashish95984900: Join @NPC_INDIA_GOV #webinar on 1 August 5 PM\n@IIMAhmedabad @IIMKsp @IIM_Bangalore @IIML @IIMKozhikode @iimag @IIMC_Ind\xe2\x80\xa6'
2020-07-28 16:57:36,b'RT @Ashish95984900: Join @NPC_INDIA_GOV #webinar on 1 August 5 PM\n@IIMAhmedabad @IIMKsp @IIM_Bangalore @IIML @IIMKozhikode @iimag @IIMC_Ind\xe2\x80\xa6'
2020-07-28 16:45:38,"b'@IIMC_India @IIMCAA\nThe new admission procedure is not fair.\nYou can do better IIMC, Pls.\nAbort the new procedure..\xe2\x80\xa6 https://t.co/AWDQRE2YKK'"
2020-07-28 16:24:38,b'RT @Ashish95984900: Join @NPC_INDIA_GOV #webinar on 31 July 3 PM\n@IIMC_India @IIM_Calcutta @IIMB_EPGP @Iris_IIMI @IivstC @iiscbangalore @is\xe2\x80\xa6'
2020-07-28 16:23:59,b'RT @Ashish95984900: Join @NPC_INDIA_GOV #webinar on 31 July\n@IIMAhmedabad @IIMKsp @IIM_Bangalore @IIML @IIMKozhikode @iimag @IIMC_India @II\xe2\x80\xa6'
2020-07-28 16:20:46,b'RT @praveensamantar: @roshanenvo11 @ONGC_ @nmdclimited @TataPower @TataCompanies @CoalIndiaHQ @ntpclimited @IIMKozhikode @IIM_Bangalore @ii\xe2\x80\xa6'
2020-07-28 16:16:32,b'RT @Ashish95984900: Join @NPC_INDIA_GOV #webinar on 1 August 5 PM\n@IIMAhmedabad @IIMKsp @IIM_Bangalore @IIML @IIMKozhikode @iimag @IIMC_Ind\xe2\x80\xa6'
2020-07-28 16:16:05,"b'RT @NPanchbhai: #lastopportunity Join #NPC #webinar on ""Relevance of Agile approach in change implementation""Registration Link : https://t.\xe2\x80\xa6'"
2020-07-28 16:14:06,b'RT @praveensamantar: @roshanenvo11 @ONGC_ @nmdclimited @TataPower @TataCompanies @CoalIndiaHQ @ntpclimited @IIMKozhikode @IIM_Bangalore @ii\xe2\x80\xa6'
2020-07-28 16:08:54,"b'RT @NPanchbhai: #lastopportunity Join #NPC #webinar on ""Relevance of Agile approach in change implementation""Registration Link : https://t.\xe2\x80\xa6'"
2020-07-28 16:02:52,b'RT @praveensamantar: @roshanenvo11 @ONGC_ @nmdclimited @TataPower @TataCompanies @CoalIndiaHQ @ntpclimited @IIMKozhikode @IIM_Bangalore @ii\xe2\x80\xa6'
2020-07-28 16:00:22,b'RT @Ashish95984900: Join @NPC_INDIA_GOV #webinar on 1 August 5 PM\n@IIMAhmedabad @IIMKsp @IIM_Bangalore @IIML @IIMKozhikode @iimag @IIMC_Ind\xe2\x80\xa6'
2020-07-28 15:57:02,b'RT @praveensamantar: @roshanenvo11 @ONGC_ @nmdclimited @TataPower @TataCompanies @CoalIndiaHQ @ntpclimited @IIMKozhikode @IIM_Bangalore @ii\xe2\x80\xa6'
2020-07-28 15:47:47,"b'RT @NPanchbhai: #lastopportunity Join #NPC #webinar on ""Relevance of Agile approach in change implementation""Registration Link : https://t.\xe2\x80\xa6'"
2020-07-28 15:43:41,"b'RT @NPanchbhai: #lastopportunity Join #NPC #webinar on ""Relevance of Agile approach in change implementation""Registration Link : https://t.\xe2\x80\xa6'"
2020-07-28 15:27:14,"b'RT @NPanchbhai: #lastopportunity Join #NPC #webinar on ""Relevance of Agile approach in change implementation""Registration Link : https://t.\xe2\x80\xa6'"
2020-07-28 15:24:22,"b'If you wish to study in IIMC then pay a hefty fee of \xe2\x82\xb990,000. Buy a good laptop worths \xe2\x82\xb940,000 and spend \xe2\x82\xb9500 month\xe2\x80\xa6 https://t.co/Ltaqc8F606'"
2020-07-28 14:43:58,b'No matter which stream you come from. You should stand with the medical students of Uttarakhand. We are students an\xe2\x80\xa6 https://t.co/ofvqH7tc5g'
2020-07-28 14:14:55,"b'RT @NPanchbhai: #lastopportunity Join #NPC #webinar on ""Relevance of Agile approach in change implementation""Registration Link : https://t.\xe2\x80\xa6'"
2020-07-28 14:10:38,b'RT @praveensamantar: @roshanenvo11 @ONGC_ @nmdclimited @TataPower @TataCompanies @CoalIndiaHQ @ntpclimited @IIMKozhikode @IIM_Bangalore @ii\xe2\x80\xa6'
2020-07-28 13:53:51,b'RT @praveensamantar: @roshanenvo11 @ONGC_ @nmdclimited @TataPower @TataCompanies @CoalIndiaHQ @ntpclimited @IIMKozhikode @IIM_Bangalore @ii\xe2\x80\xa6'
2020-07-28 13:40:47,"b'RT @IIMC_India: Sh @paramiyer_ Secretary, DDWS, interacted with the IIS OTs about Swachh Bharat Mission highlighting the role of Above-the-\xe2\x80\xa6'"
2020-07-28 13:34:16,b'RT @praveensamantar: @roshanenvo11 @ONGC_ @nmdclimited @TataPower @TataCompanies @CoalIndiaHQ @ntpclimited @IIMKozhikode @IIM_Bangalore @ii\xe2\x80\xa6'
2020-07-28 13:20:45,b'RT @praveensamantar: @roshanenvo11 @ONGC_ @nmdclimited @TataPower @TataCompanies @CoalIndiaHQ @ntpclimited @IIMKozhikode @IIM_Bangalore @ii\xe2\x80\xa6'
2020-07-28 12:45:15,b'RT @praveensamantar: @roshanenvo11 @ONGC_ @nmdclimited @TataPower @TataCompanies @CoalIndiaHQ @ntpclimited @IIMKozhikode @IIM_Bangalore @ii\xe2\x80\xa6'
2020-07-28 12:34:14,b'@roshanenvo11 @ONGC_ @nmdclimited @TataPower @TataCompanies @CoalIndiaHQ @ntpclimited @IIMKozhikode @IIM_Bangalore\xe2\x80\xa6 https://t.co/jarQqdgInK'
2020-07-28 12:24:49,"b'RT @NPanchbhai: #lastopportunity Join #NPC #webinar on ""Relevance of Agile approach in change implementation""Registration Link : https://t.\xe2\x80\xa6'"
2020-07-28 11:43:52,"b'RT @IIMC_India: Sh @paramiyer_ Secretary, DDWS, interacted with the IIS OTs about Swachh Bharat Mission highlighting the role of Above-the-\xe2\x80\xa6'"
2020-07-28 11:33:07,b'RT @Ashish95984900: Join @NPC_INDIA_GOV #webinar on 1 August 5 PM\n@IIMAhmedabad @IIMKsp @IIM_Bangalore @IIML @IIMKozhikode @iimag @IIMC_Ind\xe2\x80\xa6'
2020-07-28 11:18:56,b'RT @Ashish95984900: Join @NPC_INDIA_GOV #webinar on 31 July 3 PM\n@IIMC_India @IIM_Calcutta @IIMB_EPGP @Iris_IIMI @IivstC @iiscbangalore @is\xe2\x80\xa6'
2020-07-28 11:16:13,b'RT @Ashish95984900: Join @NPC_INDIA_GOV #webinar on 1 August 5 PM\n@IIMAhmedabad @IIMKsp @IIM_Bangalore @IIML @IIMKozhikode @iimag @IIMC_Ind\xe2\x80\xa6'
2020-07-28 10:24:35,"b'RT @NPanchbhai: #lastopportunity Join #NPC #webinar on ""Relevance of Agile approach in change implementation""Registration Link : https://t.\xe2\x80\xa6'"
2020-07-28 09:41:03,b'RT @Ashish95984900: Join @NPC_INDIA_GOV #webinar on 31 July\n@IIMAhmedabad @IIMKsp @IIM_Bangalore @IIML @IIMKozhikode @iimag @IIMC_India @II\xe2\x80\xa6'
2020-07-28 09:38:35,b'RT @Ashish95984900: Join @NPC_INDIA_GOV #webinar on 1 August 5 PM\n@IIMAhmedabad @IIMKsp @IIM_Bangalore @IIML @IIMKozhikode @iimag @IIMC_Ind\xe2\x80\xa6'
2020-07-28 09:34:05,b'RT @Ashish95984900: Join @NPC_INDIA_GOV #webinar on 31 July 3 PM\n@IIMC_India @IIM_Calcutta @IIMB_EPGP @Iris_IIMI @IivstC @iiscbangalore @is\xe2\x80\xa6'
2020-07-28 09:15:01,b'RT @Ashish95984900: Join @NPC_INDIA_GOV #webinar on 31 July 3 PM\n@IIMC_India @IIM_Calcutta @IIMB_EPGP @Iris_IIMI @IivstC @iiscbangalore @is\xe2\x80\xa6'
2020-07-28 09:03:30,"b'RT @NPanchbhai: #lastopportunity Join #NPC #webinar on ""Relevance of Agile approach in change implementation""Registration Link : https://t.\xe2\x80\xa6'"
2020-07-28 08:50:35,b'RT @Ashish95984900: Join @NPC_INDIA_GOV #webinar on 1 August 5 PM\n@IIMAhmedabad @IIMKsp @IIM_Bangalore @IIML @IIMKozhikode @iimag @IIMC_Ind\xe2\x80\xa6'
2020-07-28 08:44:42,b'RT @Ashish95984900: Join @NPC_INDIA_GOV #webinar on 31 July 3 PM\n@IIMC_India @IIM_Calcutta @IIMB_EPGP @Iris_IIMI @IivstC @iiscbangalore @is\xe2\x80\xa6'
2020-07-28 08:37:56,b'RT @Ashish95984900: Join @NPC_INDIA_GOV #webinar on 31 July 3 PM\n@IIMC_India @IIM_Calcutta @IIMB_EPGP @Iris_IIMI @IivstC @iiscbangalore @is\xe2\x80\xa6'
2020-07-28 08:20:44,"b'RT @NPanchbhai: #lastopportunity Join #NPC #webinar on ""Relevance of Agile approach in change implementation""Registration Link : https://t.\xe2\x80\xa6'"
2020-07-28 08:19:53,b'RT @Ashish95984900: Join @NPC_INDIA_GOV #webinar on 1 August 5 PM\n@IIMAhmedabad @IIMKsp @IIM_Bangalore @IIML @IIMKozhikode @iimag @IIMC_Ind\xe2\x80\xa6'
2020-07-28 08:19:32,b'RT @Ashish95984900: Join @NPC_INDIA_GOV #webinar on 31 July 3 PM\n@IIMC_India @IIM_Calcutta @IIMB_EPGP @Iris_IIMI @IivstC @iiscbangalore @is\xe2\x80\xa6'
2020-07-28 08:10:05,b'UN report on IS in Kerala &amp; Karnataka. Live on Insight programme Lok Sabha TV @ 1 pm &amp; 4 pm today. \n@loksabhatv\xe2\x80\xa6 https://t.co/G8I4eCDTMK'
2020-07-28 08:06:13,"b'#lastopportunity Join #NPC #webinar on ""Relevance of Agile approach in change implementation""Registration Link :\xe2\x80\xa6 https://t.co/i8QLkAnV30'"
2020-07-28 07:51:20,b'RT @Ashish95984900: Join @NPC_INDIA_GOV #webinar on 31 July\n@IIMAhmedabad @IIMKsp @IIM_Bangalore @IIML @IIMKozhikode @iimag @IIMC_India @II\xe2\x80\xa6'
2020-07-28 07:50:03,b'RT @Ashish95984900: Join @NPC_INDIA_GOV #webinar on 1 August 5 PM\n@IIMAhmedabad @IIMKsp @IIM_Bangalore @IIML @IIMKozhikode @iimag @IIMC_Ind\xe2\x80\xa6'
2020-07-28 07:49:39,b'RT @Ashish95984900: Join @NPC_INDIA_GOV #webinar on 31 July 3 PM\n@IIMC_India @IIM_Calcutta @IIMB_EPGP @Iris_IIMI @IivstC @iiscbangalore @is\xe2\x80\xa6'
2020-07-28 07:41:21,b'RT @Ashish95984900: Join @NPC_INDIA_GOV #webinar on 31 July 3 PM\n@IIMC_India @IIM_Calcutta @IIMB_EPGP @Iris_IIMI @IivstC @iiscbangalore @is\xe2\x80\xa6'
2020-07-28 07:34:10,b'RT @Ashish95984900: Join @NPC_INDIA_GOV #webinar on 1 August 5 PM\n@IIMAhmedabad @IIMKsp @IIM_Bangalore @IIML @IIMKozhikode @iimag @IIMC_Ind\xe2\x80\xa6'
2020-07-28 07:19:39,b'RT @Ashish95984900: Join @NPC_INDIA_GOV #webinar on 31 July\n@IIMAhmedabad @IIMKsp @IIM_Bangalore @IIML @IIMKozhikode @iimag @IIMC_India @II\xe2\x80\xa6'
2020-07-28 07:04:51,b'RT @Ashish95984900: Join @NPC_INDIA_GOV #webinar on 31 July 3 PM\n@IIMC_India @IIM_Calcutta @IIMB_EPGP @Iris_IIMI @IivstC @iiscbangalore @is\xe2\x80\xa6'
2020-07-28 06:47:02,b'@YadavAnubhuti @PIB_India @MediaLiteracyEd @Fact_Shala @MILCLICKS @reneehobbs @fbaker @GrizzleAlton @guyberger\xe2\x80\xa6 https://t.co/AFQDRtIH2f'
2020-07-28 06:25:06,b'RT @Ashish95984900: Join @NPC_INDIA_GOV #webinar on 31 July\n@IIMAhmedabad @IIMKsp @IIM_Bangalore @IIML @IIMKozhikode @iimag @IIMC_India @II\xe2\x80\xa6'
2020-07-28 06:24:56,b'RT @Ashish95984900: Join @NPC_INDIA_GOV #webinar on 1 August 5 PM\n@IIMAhmedabad @IIMKsp @IIM_Bangalore @IIML @IIMKozhikode @iimag @IIMC_Ind\xe2\x80\xa6'
2020-07-28 06:23:54,b'RT @Ashish95984900: Join @NPC_INDIA_GOV #webinar on 31 July 3 PM\n@IIMC_India @IIM_Calcutta @IIMB_EPGP @Iris_IIMI @IivstC @iiscbangalore @is\xe2\x80\xa6'
2020-07-28 06:22:06,"b'RT @IIMC_India: Sh @paramiyer_ Secretary, DDWS, interacted with the IIS OTs about Swachh Bharat Mission highlighting the role of Above-the-\xe2\x80\xa6'"
2020-07-28 06:14:41,"b'RT @IIMC_India: Sh @paramiyer_ Secretary, DDWS, interacted with the IIS OTs about Swachh Bharat Mission highlighting the role of Above-the-\xe2\x80\xa6'"
2020-07-28 06:07:26,b'@YadavAnubhuti @PIB_India @MediaLiteracyEd @Fact_Shala @MILCLICKS @reneehobbs @fbaker @GrizzleAlton @guyberger\xe2\x80\xa6 https://t.co/ACEwtznAPO'
2020-07-28 06:04:21,"b'RT @IIMC_India: Sh @paramiyer_ Secretary, DDWS, interacted with the IIS OTs about Swachh Bharat Mission highlighting the role of Above-the-\xe2\x80\xa6'"
2020-07-28 05:42:54,b'Join @NPC_INDIA_GOV #webinar on 31 July\n@IIMAhmedabad @IIMKsp @IIM_Bangalore @IIML @IIMKozhikode @iimag @IIMC_India\xe2\x80\xa6 https://t.co/gqOoHrhQEu'
2020-07-28 05:35:21,b'Join @NPC_INDIA_GOV #webinar on 31 July 3 PM\n@IIMC_India @IIM_Calcutta @IIMB_EPGP @Iris_IIMI @IivstC @iiscbangalore\xe2\x80\xa6 https://t.co/WCswmya8FO'
2020-07-28 05:34:34,b'RT @Ashish95984900: Join @NPC_INDIA_GOV #webinar on 1 August 5 PM\n@IIMAhmedabad @IIMKsp @IIM_Bangalore @IIML @IIMKozhikode @iimag @IIMC_Ind\xe2\x80\xa6'
2020-07-28 05:26:57,b'Join @NPC_INDIA_GOV #webinar on 1 August 5 PM\n@IIMAhmedabad @IIMKsp @IIM_Bangalore @IIML @IIMKozhikode @iimag\xe2\x80\xa6 https://t.co/koYMO8QYFi'
2020-07-28 05:08:29,b'@IIMC_India Congratulations to entire IIMC family!'
2020-07-28 04:58:45,b'RT @IIMC_India: IIMC is once again ranked as No. 1 institute in the field of Mass Communication by India Today. Congratulations to all the\xe2\x80\xa6'
2020-07-28 04:58:16,b'RT @IIMC_India: IIMC welcomes new Director General Prof. Sanjay Dwivedi. He is a senior journalist and renowned academician. Wishing him a\xe2\x80\xa6'
2020-07-28 04:57:55,"b'RT @IIMC_India: Prof. Sanjay Dwivedi has taken over the charge as  DG, IIMC today. He was briefed about the Institute by ADG Mr Satish Namb\xe2\x80\xa6'"
2020-07-28 04:57:50,b'RT @IIMC_India: CALL FOR PAPERS FOR COMMUNICATOR https://t.co/lg4LYDmufv'
2020-07-28 04:57:29,b'RT @IIMC_India: DG IIMC @ProfSanjay_Mcu had an enriching introductory session with \nIIS OTs. He underscored the critical role of communicat\xe2\x80\xa6'
2020-07-28 04:56:53,"b'RT @IIMC_India: Sh @paramiyer_ Secretary, DDWS, interacted with the IIS OTs about Swachh Bharat Mission highlighting the role of Above-the-\xe2\x80\xa6'"
2020-07-28 03:06:26,"b'RT @SambitP: 57 contributions from media educators, researchers, practitioners and students across India discussing 11 different aspects of\xe2\x80\xa6'"
2020-07-28 03:06:13,"b'57 contributions from media educators, researchers, practitioners and students across India discussing 11 different\xe2\x80\xa6 https://t.co/hRVtxe02T3'"
2020-07-27 19:37:29,b'Academic bosses from @xicmumofficial @SIMC_Pune\n@micmanipal &amp; @IIMC_India will share insights on the future of PR e\xe2\x80\xa6 https://t.co/qMMJbSZZaK'
2020-07-27 19:22:04,b'@IIMCAA @pankajjha_ @kumarprakash4u @arunodayprakash @gauravhdixit @pramod_mukes @premranjanPR @dmalok\xe2\x80\xa6 https://t.co/tzS86t23mD'
2020-07-27 19:00:30,b'@MdAzamAlam21 I have contacted with @RiteshIIMC to know the latest update regarding the patient. Got to know that h\xe2\x80\xa6 https://t.co/6LrQUVSmZR'
2020-07-27 13:39:41,"b'RT @IIMC_India: Sh @paramiyer_ Secretary, DDWS, interacted with the IIS OTs about Swachh Bharat Mission highlighting the role of Above-the-\xe2\x80\xa6'"
2020-07-27 12:49:23,b'@IIMC_India When will the application forms (and prospectus) for English Journalism 2020-21 be released?'
2020-07-27 11:48:03,"b""RT @kg_suresh: I had the honour of launching Marathi Journalism course @ IIMC Amravati. Was delighted to see my poster for today's programm\xe2\x80\xa6"""
2020-07-27 11:03:12,"b'RT @IIMC_India: Sh @paramiyer_ Secretary, DDWS, interacted with the IIS OTs about Swachh Bharat Mission highlighting the role of Above-the-\xe2\x80\xa6'"
2020-07-27 10:48:37,"b'RT @IIMC_India: Sh @paramiyer_ Secretary, DDWS, interacted with the IIS OTs about Swachh Bharat Mission highlighting the role of Above-the-\xe2\x80\xa6'"
2020-07-27 10:47:14,"b'RT @IIMC_India: Sh @paramiyer_ Secretary, DDWS, interacted with the IIS OTs about Swachh Bharat Mission highlighting the role of Above-the-\xe2\x80\xa6'"
2020-07-27 10:42:58,"b'RT @IIMC_India: Sh @paramiyer_ Secretary, DDWS, interacted with the IIS OTs about Swachh Bharat Mission highlighting the role of Above-the-\xe2\x80\xa6'"
2020-07-27 05:45:10,"b'@AbhishBanerj Wrote one in Hindi, while still a student @IIMC_India in 2006'"
